{
    "varer":{
        "genser":{
          "genser001":{
              "navn":"Jasmine",
              "type":"knit",
              "pris":399,
              "farge1":"lilla",
              "farge2":"rosa",
              "bilde":"genser001.jpg",
              "anledning":"hverdag",
              "stoff":"kasjmir",
              "sesong":"spring19"
            },
          "genser002":{
              "navn":"Aurora genser",
              "type":"genser",
              "pris":199,
              "farge1":"grå",
              "farge2":"",
              "bilde":"genser002.jpg",
              "anledning":"hverdag",
              "stoff":"bomull",
              "sesong":""
            },
          "genser003":{
              "navn":"Street hoodie",
              "type":"hoodie",
              "pris":1849,
              "farge1":"blå",
              "farge2":"",
              "bilde":"genser003.jpg",
              "anledning":"hverdag",
              "stoff":"bomull",
              "sesong":""
            },
          "genser004":{
              "navn":"Amra genser",
              "type":"genser",
              "pris":1849,
              "farge1":"sort",
              "farge2":"",
              "bilde":"genser004.jpg",
              "anledning":"hverdag",
              "stoff":"bomull",
              "sesong":""
            },
          "genser005":{
              "navn":"Crush",
              "type":"genser",
              "pris":399,
              "farge1":"rosa",
              "farge2":"",
              "bilde":"genser005.jpg",
              "anledning":"hverdag",
              "stoff":"kasjmir",
              "sesong":"spring19"
            },
          "genser006":{
              "navn":"Rebell",
              "type":"hoodie",
              "pris":499,
              "farge1":"rød",
              "farge2":"",
              "bilde":"genser006.jpg",
              "anledning":"hverdag",
              "stoff":"bomull",
              "sesong":"spring19"
            },
          "genser007":{
              "navn":"Cabin",
              "type":"knit",
              "pris":899,
              "farge1":"hvit",
              "farge2":"",
              "bilde":"genser007.jpg",
              "anledning":"hverdag",
              "stoff":"kasjmir",
              "sesong":""
            },
          "genser008":{
              "navn":"Sophie hoodie",
              "type":"hoodie",
              "pris":399,
              "farge1":"gul",
              "farge2":"",
              "bilde":"genser008.jpg",
              "anledning":"hverdag",
              "stoff":"bomull",
              "sesong":"spring19"
            },
          "genser009":{
              "navn":"Hedzter",
              "type":"genser",
              "pris":399,
              "farge1":"grønn",
              "farge2":"",
              "bilde":"genser009.jpg",
              "anledning":"hverdag",
              "stoff":"bomull",
              "sesong":"spring19"
            },
          "genser010":{
              "navn":"Forever",
              "type":"genser",
              "pris":199,
              "farge1":"gul",
              "farge2":"",
              "bilde":"genser010.jpg",
              "anledning":"fest",
              "stoff":"fløyel",
              "sesong":"spring19"
            },
          "genser011":{
              "navn":"Young",
              "type":"genser",
              "pris":599,
              "farge1":"blå",
              "farge2":"",
              "bilde":"genser011.jpg",
              "anledning":"fest",
              "stoff":"fløyel",
              "sesong":""
            },
          "genser012":{
              "navn":"Lover",
              "type":"hoodie",
              "pris":1849,
              "farge1":"rosa",
              "farge2":"",
              "bilde":"genser012.jpg",
              "anledning":"hverdag",
              "stoff":"bomull",
              "sesong":"spring19"
            },
          "genser013":{
              "navn":"Henri",
              "type":"knit",
              "pris":599,
              "farge1":"hvit",
              "farge2":"",
              "bilde":"genser013.jpg",
              "anledning":"hverdag",
              "stoff":"bomull",
              "sesong":""
            },
          "genser014":{
              "navn":"Sun hoodie",
              "type":"hoodie",
              "pris":499,
              "farge1":"gul",
              "farge2":"sort",
              "bilde":"genser014.jpg",
              "anledning":"hverdag",
              "stoff":"bomull",
              "sesong":""
            },
          "genser015":{
              "navn":"Snowflakes",
              "type":"knit",
              "pris":899,
              "farge1":"blå",
              "farge2":"hvit",
              "bilde":"genser015.jpg",
              "anledning":"hverdag",
              "stoff":"kasjmir",
              "sesong":""
            },
          "genser016":{
              "navn":"Andrea",
              "type":"genser",
              "pris":399,
              "farge1":"hvit",
              "farge2":"sort",
              "bilde":"genser016.jpg",
              "anledning":"hverdag",
              "stoff":"bomull",
              "sesong":""
            }
        },
        "topper":{
          "topp001":{
              "navn":"Party",
              "type":"singlet",
              "pris":399,
              "farge1":"sort",
              "farge2":"",
              "bilde":"topp001.jpg",
              "anledning":"fest",
              "stoff":"bomull",
              "sesong":""
            },
          "topp002":{
              "navn":"Spaghetti strap",
              "type":"singlet",
              "pris":199,
              "farge1":"sort",
              "farge2":"",
              "bilde":"topp002.jpg",
              "anledning":"fest",
              "stoff":"fløyel",
              "sesong":""
            },
          "topp003":{
              "navn":"Cara",
              "type":"tskjorte",
              "pris":1849,
              "farge1":"grønn",
              "farge2":"",
              "bilde":"topp003.jpg",
              "anledning":"hverdag",
              "stoff":"bomull",
              "sesong":""
            },
          "topp004":{
              "navn":"Nora",
              "type":"tskjorte",
              "pris":1849,
              "farge1":"grønn",
              "farge2":"",
              "bilde":"topp004.jpg",
              "anledning":"hverdag",
              "stoff":"bomull",
              "sesong":"spring19"
            },
          "topp005":{
              "navn":"Selma",
              "type":"bluse",
              "pris":399,
              "farge1":"hvit",
              "farge2":"",
              "bilde":"topp005.jpg",
              "anledning":"hverdag",
              "stoff":"bomull",
              "sesong":""
            },
          "topp006":{
              "navn":"Rebecca",
              "type":"bluse",
              "pris":499,
              "farge1":"rød",
              "farge2":"",
              "bilde":"topp006.jpg",
              "anledning":"fest",
              "stoff":"silke",
              "sesong":"spring19"
            },
          "topp007":{
              "navn":"Long Life",
              "type":"tskjorte",
              "pris":899,
              "farge1":"sort",
              "farge2":"rød",
              "bilde":"topp007.jpg",
              "anledning":"hverdag",
              "stoff":"bomull",
              "sesong":""
            },
          "topp008":{
              "navn":"Skull",
              "type":"tskjorte",
              "pris":399,
              "farge1":"rosa",
              "farge2":"",
              "bilde":"topp008.jpg",
              "anledning":"hverdag",
              "stoff":"bomull",
              "sesong":"spring19"
            },
          "topp009":{
              "navn":"Hedvig",
              "type":"bluse",
              "pris":399,
              "farge1":"grønn",
              "farge2":"",
              "bilde":"topp009.jpg",
              "anledning":"fest",
              "stoff":"bomull",
              "sesong":"spring19"
            },
          "topp010":{
              "navn":"Camilla",
              "type":"tskjorte",
              "pris":199,
              "farge1":"blå",
              "farge2":"",
              "bilde":"topp010.jpg",
              "anledning":"fest",
              "stoff":"fløyel",
              "sesong":""
            }
          },
        "bukser":{
          "bukse001":{
              "navn":"Flared jeans",
              "type":"jeans",
              "pris":399,
              "farge1":"blå",
              "farge2":"",
              "bilde":"bukse001.jpg",
              "anledning":"hverdag",
              "stoff":"bomull",
              "sesong":""
          },
          "bukse002":{
              "navn":"Straight jeans",
              "type":"jeans",
              "pris":199,
              "farge1":"blå",
              "farge2":"",
              "bilde":"bukse002.jpg",
              "anledning":"hverdag",
              "stoff":"bomull",
              "sesong":""
          },
          "bukse003":{
              "navn":"Flared jeans",
              "type":"jeans",
              "pris":1849,
              "farge1":"sort",
              "farge2":"",
              "bilde":"bukse003.jpg",
              "anledning":"hverdag",
              "stoff":"bomull",
              "sesong":""
          },
          "bukse004":{
              "navn":"Girlfriend jeans",
              "type":"jeans",
              "pris":1849,
              "farge1":"blå",
              "farge2":"",
              "bilde":"bukse004.jpg",
              "anledning":"hverdag",
              "stoff":"bomull",
              "sesong":""
          },
          "bukse005":{
              "navn":"Bootcut",
              "type":"jeans",
              "pris":399,
              "farge1":"sort",
              "farge2":"",
              "bilde":"bukse005.jpg",
              "anledning":"hverdag",
              "stoff":"bomull",
              "sesong":""
          },
          "bukse006":{
              "navn":"Bootcut",
              "type":"jeans",
              "pris":499,
              "farge1":"blå",
              "farge2":"",
              "bilde":"bukse006.jpg",
              "anledning":"hverdag",
              "stoff":"bomull",
              "sesong":""
          },
          "bukse007":{
              "navn":"Slim fit",
              "type":"jeans",
              "pris":899,
              "farge1":"blå",
              "farge2":"",
              "bilde":"bukse007.jpg",
              "anledning":"hverdag",
              "stoff":"bomull",
              "sesong":""
          },
          "bukse008":{
              "navn":"Slim fit",
              "type":"jeans",
              "pris":399,
              "farge1":"sort",
              "farge2":"",
              "bilde":"bukse008.jpg",
              "anledning":"hverdag",
              "stoff":"bomull",
              "sesong":""
          },
          "bukse009":{
              "navn":"Office bukser",
              "type":"bukse",
              "pris":399,
              "farge1":"sort",
              "farge2":"grå",
              "bilde":"bukse009.jpg",
              "anledning":"hverdag",
              "stoff":"bomull",
              "sesong":""
          },
          "bukse010":{
              "navn":"Late night",
              "type":"bukse",
              "pris":199,
              "farge1":"sort",
              "farge2":"",
              "bilde":"bukse010.jpg",
              "anledning":"fest",
              "stoff":"fløyel",
              "sesong":""
          },
          "bukse011":{
              "navn":"Dark",
              "type":"bukse",
              "pris":599,
              "farge1":"sort",
              "farge2":"",
              "bilde":"bukse011.jpg",
              "anledning":"hverdag",
              "stoff":"skinn",
              "sesong":""
          },
          "bukse012":{
              "navn":"Ice",
              "type":"bukse",
              "pris":1849,
              "farge1":"blå",
              "farge2":"",
              "bilde":"bukse012.jpg",
              "anledning":"hverdag",
              "stoff":"bomull",
              "sesong":""
          },
          "bukse013":{
              "navn":"Flower",
              "type":"bukse",
              "pris":599,
              "farge1":"rød",
              "farge2":"hvit",
              "bilde":"bukse013.jpg",
              "anledning":"hverdag",
              "stoff":"bomull",
              "sesong":"spring19"
          },
          "bukse014":{
              "navn":"Eng",
              "type":"bukse",
              "pris":499,
              "farge1":"grønn",
              "farge2":"rosa",
              "bilde":"bukse014.jpg",
              "anledning":"hverdag",
              "stoff":"bomull",
              "sesong":"spring19"
          },
          "bukse015":{
              "navn":"Outgoing",
              "type":"bukse",
              "pris":899,
              "farge1":"rød",
              "farge2":"",
              "bilde":"bukse015.jpg",
              "anledning":"fest",
              "stoff":"silke",
              "sesong":"spring19"
          },
          "bukse016":{
              "navn":"Trøkk",
              "type":"bukse",
              "pris":399,
              "farge1":"hvit",
              "farge2":"",
              "bilde":"bukse016.jpg",
              "anledning":"hverdag",
              "stoff":"skinn",
              "sesong":""
          }
      },
        "skjørt":{
          "skjørt001":{
              "navn":"Petite",
              "type":"kortskjørt",
              "pris":1849,
              "farge1":"blå",
              "farge2":"hvit",
              "bilde":"skjørt001.jpg",
              "anledning":"hverdag",
              "stoff":"bomull",
              "sesong":""
            },
          "skjørt002":{
              "navn":"Amara skjørt",
              "type":"kortskjørt",
              "pris":1849,
              "farge1":"grønn",
              "farge2":"hvit",
              "bilde":"skjørt002.jpg",
              "anledning":"hverdag",
              "stoff":"bomull",
              "sesong":"spring19"
            },
          "skjørt003":{
              "navn":"Skaterskirt",
              "type":"kortskjørt",
              "pris":1849,
              "farge1":"sort",
              "farge2":"",
              "bilde":"skjørt003.jpg",
              "anledning":"fest",
              "stoff":"bomull",
              "sesong":""
            },
          "skjørt004":{
              "navn":"Fia skjørt",
              "type":"kortskjørt",
              "pris":1849,
              "farge1":"rosa",
              "farge2":"",
              "bilde":"skjørt004.jpg",
              "anledning":"hverdag",
              "stoff":"bomull",
              "sesong":"spring19"
            },
          "skjørt005":{
              "navn":"Gutter",
              "type":"kortskjørt",
              "pris":1849,
              "farge1":"hvit",
              "farge2":"",
              "bilde":"skjørt005.jpg",
              "anledning":"hverdag",
              "stoff":"bomull",
              "sesong":""
            },
          "skjørt006":{
              "navn":"Emma",
              "type":"kortskjørt",
              "pris":1849,
              "farge1":"blå",
              "farge2":"sort",
              "bilde":"skjørt006.jpg",
              "anledning":"hverdag",
              "stoff":"skinn",
              "sesong":""
            },
          "skjørt007":{
              "navn":"Martine",
              "type":"kortskjørt",
              "pris":1849,
              "farge1":"grønn",
              "farge2":"",
              "bilde":"skjørt007.jpg",
              "anledning":"fest",
              "stoff":"fløyel",
              "sesong":""
            },
          "skjørt008":{
              "navn":"Astrids sommer",
              "type":"kortskjørt",
              "pris":1849,
              "farge1":"gul",
              "farge2":"hvit",
              "bilde":"skjørt008.jpg",
              "anledning":"hverdag",
              "stoff":"bomull",
              "sesong":"spring19"
            },
          "skjørt009":{
              "navn":"Kjølig sommer",
              "type":"maxiskjørt",
              "pris":1849,
              "farge1":"blå",
              "farge2":"rød",
              "bilde":"skjørt009.jpg",
              "anledning":"hverdag",
              "stoff":"bomull",
              "sesong":""
            },
          "skjørt010":{
              "navn":"Flowerpower",
              "type":"maxiskjørt",
              "pris":1849,
              "farge1":"rosa",
              "farge2":"rød",
              "bilde":"skjørt010.jpg",
              "anledning":"hverdag",
              "stoff":"bomull",
              "sesong":"spring19"
            }
          },
        "kjole":{
          "kjole001":{
              "navn":"Sommerdrøm",
              "type":"kortkjole",
              "pris":1849,
              "farge1":"grønn",
              "farge2":"hvit",
              "bilde":"kjole001.jpg",
              "anledning":"hverdag",
              "stoff":"bomull",
              "sesong":"spring19"
            },
          "kjole002":{
              "navn":"Lexi",
              "type":"kortkjole",
              "pris":1849,
              "farge1":"gul",
              "farge2":"",
              "bilde":"kjole002.jpg",
              "anledning":"hverdag",
              "stoff":"bomull",
              "sesong":"spring19"
            },
          "kjole003":{
              "navn":"Meredith",
              "type":"kortkjole",
              "pris":1849,
              "farge1":"sort",
              "farge2":"",
              "bilde":"kjole003.jpg",
              "anledning":"fest",
              "stoff":"fløyel",
              "sesong":""
            },
          "kjole004":{
              "navn":"Dream",
              "type":"kortkjole",
              "pris":1849,
              "farge1":"rosa",
              "farge2":"",
              "bilde":"kjole004.jpg",
              "anledning":"fest",
              "stoff":"bomull",
              "sesong":"spring19"
            },
          "kjole005":{
              "navn":"Forelska",
              "type":"kortkjole",
              "pris":1849,
              "farge1":"rosa",
              "farge2":"",
              "bilde":"kjole005.jpg",
              "anledning":"hverdag",
              "stoff":"bomull",
              "sesong":"spring19"
            },
          "kjole006":{
              "navn":"Klasse",
              "type":"maxikjole",
              "pris":1849,
              "farge1":"sort",
              "farge2":"",
              "bilde":"kjole006.jpg",
              "anledning":"fest",
              "stoff":"bomull",
              "sesong":""
            },
          "kjole007":{
              "navn":"Adekette",
              "type":"maxikjole",
              "pris":1849,
              "farge1":"hvit",
              "farge2":"",
              "bilde":"kjole007.jpg",
              "anledning":"fest",
              "stoff":"bomull",
              "sesong":""
            },
          "kjole008":{
              "navn":"Etikette",
              "type":"maxikjole",
              "pris":1849,
              "farge1":"gul",
              "farge2":"",
              "bilde":"kjole008.jpg",
              "anledning":"fest",
              "stoff":"bomull",
              "sesong":"spring19"
            },
          "kjole009":{
              "navn":"Vårklar",
              "type":"maxikjole",
              "pris":1849,
              "farge1":"grønn",
              "farge2":"hvit",
              "bilde":"kjole009.jpg",
              "anledning":"hverdag",
              "stoff":"bomull",
              "sesong":"spring19"
            },
          "kjole010":{
              "navn":"Marina",
              "type":"maxikjole",
              "pris":1849,
              "farge1":"blå",
              "farge2":"hvit",
              "bilde":"kjole010.jpg",
              "anledning":"hverdag",
              "stoff":"bomull",
              "sesong":""
            }

          }
  }}
